,0,1,label
0,0.27889606305379433,0.34738267371876463,0.0
1,0.4259962052143242,0.6162501956478005,-1.0
2,0.272332816349701,0.2443174965462869,0.0
3,0.5016362653872223,0.7988623560247881,-1.0
4,0.38054928430888824,0.6727330898391725,1.0
5,0.5870143372093498,0.7354795477687757,-1.0
6,0.19197859046457283,0.6438519709657363,2.0
7,0.21465426046538588,0.661773911513521,2.0
8,0.39187209613478324,0.6469223253554718,1.0
9,0.5393824384325098,0.7715683823295316,-1.0
10,0.3071466981176222,0.6193304947103623,2.0
11,0.39334952864108097,0.7394910441862196,-1.0
12,0.22110419621789854,0.2583587345336318,-1.0
13,0.28450003354906395,0.7001019340977834,-1.0
14,0.49252833910186045,0.5038569952122246,1.0
15,0.591981207915491,0.7315161335932666,-1.0
16,0.7314451846645242,1.0,-1.0
17,0.49799588791531946,0.639761059936128,1.0
18,0.4401960636209106,0.36819447560912394,-1.0
19,0.15725182989111275,0.5280436623077112,-1.0
20,0.12527429547905333,0.23249645586031562,-1.0
21,0.29443657380444954,0.6469593405905616,2.0
22,0.2984010827150517,0.6842599322217708,-1.0
23,0.09491569564358454,0.44165341186804113,-1.0
24,0.4996115806851275,0.42161379580685104,1.0
25,0.6722510585004828,0.19637701281968611,-1.0
26,0.6519756641522155,0.520751275766559,-1.0
27,0.6794591369604771,0.39602397787384225,-1.0
28,0.4988086551348573,0.32231658610765584,3.0
29,0.6196456188806296,0.25908923370652437,-1.0
30,0.38141845165055754,0.686169938670575,1.0
31,0.3951949376749551,0.6927345759871615,1.0
32,0.39055215953929456,0.664459280647091,1.0
33,0.5496426126094031,0.211332320878576,-1.0
34,0.4503840436612562,0.2006686338530284,-1.0
35,0.1426094167794525,0.5883104035368065,-1.0
36,0.5687847650874545,0.3946250574398102,4.0
37,0.37219009826515426,0.18422619875290508,-1.0
38,0.3655446184278419,0.25066039754216585,-1.0
39,0.29227405879718993,0.3144338218477269,0.0
40,0.7042730197148224,0.4477697415432307,-1.0
41,0.5453533697762922,0.3441474404731538,3.0
42,0.46657066926382934,0.2557768137723616,5.0
43,0.6707432515623655,0.2696016580167171,6.0
44,0.4393032419736764,0.17559530073276858,-1.0
45,0.3976579423284059,0.6048679685093278,1.0
46,0.7179639851443074,0.4708811342617436,7.0
47,0.3763483595897942,0.4478371970449945,1.0
48,0.7132087918485333,0.30817045996227277,6.0
49,0.4882899202746868,0.2412847989718018,5.0
50,0.7319424868505161,0.1584564402969188,-1.0
51,0.5657005694756312,0.3801522281004607,4.0
52,0.5413382076997434,0.23276819591290615,-1.0
53,0.777227088276921,0.31346263201294855,6.0
54,0.21520279981356671,0.12020266928700923,-1.0
55,0.22524009197595818,0.4796554453292507,2.0
56,0.6012763071255804,0.26919530013074733,8.0
57,0.4933001760625426,0.2732147298538806,-1.0
58,0.6439475429122615,0.48026408231483997,-1.0
59,0.35511325168233926,0.3302434734773424,1.0
60,0.722759079401783,0.26500503221765737,6.0
61,0.524620095453359,0.35242511987786473,3.0
62,0.3376803444926404,0.29432296430806504,-1.0
63,0.657130423485483,0.6343387164703589,-1.0
64,0.618693381187349,0.408621985644338,4.0
65,0.6653881897902351,0.4532816952285106,-1.0
66,0.6541783549349762,0.6392639455709545,-1.0
67,0.731190122107426,0.4054639786754703,-1.0
68,0.49020236648710774,0.15454300604571858,-1.0
69,0.38667851655390056,0.20359857835846557,-1.0
70,0.6907806520787635,0.2706693259393719,6.0
71,0.8973675347460983,0.4799657436561042,-1.0
72,0.7610026937067825,0.3841813818887974,-1.0
73,0.7316580980991498,0.5874665032203124,-1.0
74,0.376317694495227,0.603043759774267,1.0
75,0.41559600959749315,0.4493428930862263,1.0
76,0.6588392599788002,0.18638719624553646,-1.0
77,0.708641091176428,0.36211341499007266,6.0
78,0.7423359628460393,0.298982076078662,6.0
79,0.5443737395347689,0.6208604682660805,-1.0
80,0.6405443718821979,0.2998622486038443,-1.0
81,0.43690712041145574,0.1591612553852182,-1.0
82,0.5146359070153108,0.22823970515548542,5.0
83,0.34908669874468745,0.23192111575653915,-1.0
84,0.6475255565819442,0.474117038201542,-1.0
85,0.5404642175892121,0.17131777719518293,-1.0
86,0.17759548907648615,0.6330679055230338,2.0
87,0.292198392246347,0.33791592970783657,0.0
88,0.5503826008159816,0.4848099903108729,9.0
89,0.41786763421583734,0.7255822674364838,-1.0
90,0.05203141903540853,0.49209304616078897,-1.0
91,0.23715707812404813,0.5738971845409068,2.0
92,0.3242273159602812,0.4177549523430757,1.0
93,0.2572069545482639,0.5712969476573686,2.0
94,0.5374744348905885,0.6208262152236341,1.0
95,0.49862570288001834,0.54117247277969,1.0
96,0.5779839845498564,0.5661070951826338,-1.0
97,0.4360916686649435,0.47406163181164673,1.0
98,0.12059040376630153,0.1445924969890784,-1.0
99,0.2210003953503298,0.3771096111806498,0.0
100,0.2402122502014429,0.38744948988120576,0.0
101,0.3444677558618764,0.45953002315230757,1.0
102,0.23105200077529015,0.37586918877751263,0.0
103,0.6216280935849494,0.5473120804065222,10.0
104,0.4427684560702954,0.4594280528593271,1.0
105,0.48386320295985885,0.4430814848945433,1.0
106,0.49013383226973545,0.5521554503075071,1.0
107,0.21938715762275196,0.3482840031354052,0.0
108,0.36195468873441844,0.35796607211819786,1.0
109,0.28998805411601936,0.2916124397522739,0.0
110,0.3214817068600476,0.4937419275633465,1.0
111,0.3702048560826715,0.4310977181933565,1.0
112,0.42111017764471526,0.4412580999581289,1.0
113,0.6406628231183129,0.5311062699659044,10.0
114,0.612198221303671,0.7645763584029404,-1.0
115,0.5186315373986234,0.31109822726302994,3.0
116,0.5034758579152273,0.2784049359890446,-1.0
117,0.16446173368261707,0.23369623423519134,-1.0
118,0.5454640098029813,0.7159623935832713,-1.0
119,0.5867304980384253,0.5760426712136565,11.0
120,0.5432240537590851,0.3531574941619261,3.0
121,0.4664349883777504,0.6929306025062553,1.0
122,0.7392469516596925,0.762607037991683,-1.0
123,0.5158094679432653,0.506870450143063,1.0
124,0.45362300515767684,0.3816007783977008,-1.0
125,0.7669693050317057,0.9031824975687415,-1.0
126,0.4974515461715969,0.44193847613144616,1.0
127,0.6194604449370475,0.547562806347496,10.0
128,0.701713123390804,0.49771290770917637,7.0
129,0.42071321028497877,0.4523032776081347,1.0
130,0.6905487955458801,0.6145954466792063,-1.0
131,0.6236151633464712,0.7404716282650252,-1.0
132,0.589609158710068,0.5813552434309169,11.0
133,0.6545415555482647,0.6006737825796452,-1.0
134,0.8695396252850289,0.7506998302707749,-1.0
135,0.7823943269354351,0.8478723130703962,-1.0
136,0.6940256299523521,0.49171109703898097,7.0
137,0.5443792064681429,0.654993186126523,1.0
138,0.46772795572071796,0.5716868665117509,1.0
139,0.5852347759883518,0.8437353671197814,-1.0
140,0.46681627237764434,0.7316319547458404,12.0
141,0.3307133743872902,0.5845135220088814,2.0
142,0.22508920805432264,0.5917293968481522,2.0
143,0.22496458660842736,0.3189538214007169,0.0
144,0.5188811982926969,0.4756447440821208,9.0
145,0.5149499907742476,0.15344833066263375,-1.0
146,0.45573720981585875,0.725369930598484,12.0
147,0.6008320061422177,0.49071236659960105,9.0
148,0.43469919286440584,0.06594959038104847,-1.0
149,0.9611765082585948,0.5149820354390681,-1.0
150,0.8063355379108443,0.5336102928526919,-1.0
151,0.3689427890204183,0.34978058866954553,1.0
152,0.4663107165123506,0.6328362294015197,1.0
153,0.26622691720416114,0.2793122175574483,0.0
154,0.5581790114009285,0.5246605572867924,9.0
155,0.7267140383600759,0.4903496081148482,7.0
156,0.38780137765763556,0.38304278603346986,1.0
157,0.772185389655377,0.6428548675508325,-1.0
158,0.6380820918253882,0.3861104506086353,4.0
159,0.5820571886325023,0.4641595725230372,9.0
160,0.5950738608917383,0.7715887928338321,-1.0
161,0.28780245093355283,0.5353589838440291,2.0
162,0.41749517998697205,0.7175049558502323,-1.0
163,0.4834703490747995,0.43255501524835827,1.0
164,0.6092894647292044,0.4163257266200763,4.0
165,0.34744387805433097,0.5290324842713527,-1.0
166,0.5248760117341951,0.6475318793242997,1.0
167,0.5009843178295811,0.36716484059664195,3.0
168,0.3353871490685765,0.6060243564112061,2.0
169,0.19693556678265345,0.3882171981904467,-1.0
170,0.19099831284125096,0.6326184863490303,2.0
171,0.2547882288435277,0.37210077861032853,0.0
172,0.27542242952146134,0.38055260197176183,-1.0
173,0.6684609994373271,0.6005151152473409,-1.0
174,0.9474080878935477,0.3604650160479809,-1.0
175,0.5974399854036282,0.3720797913459801,4.0
176,0.5196573574859992,0.7543136378976423,13.0
177,0.5024403310075246,0.8062110449689228,13.0
178,0.9715566538032756,0.3495822691276833,-1.0
179,0.5804427433330441,0.3521502186817484,4.0
180,0.22520221840617388,0.6286503629773738,2.0
181,0.1946385153532596,0.6317777298308723,2.0
182,0.32726940121100645,0.6714514506637921,1.0
183,0.300990409762795,0.6005509644018459,2.0
184,0.4173354830929843,0.7192931283489312,-1.0
185,0.4487012306698957,0.6899617870935681,1.0
186,0.2691324508759314,0.6887554462499155,-1.0
187,0.2786557270511784,0.573746948695655,2.0
188,0.29187208533731995,0.5124965255782865,2.0
189,0.738767680805344,0.7438159838770201,-1.0
190,0.4045819131972317,0.4714134271837559,1.0
191,0.2552773305667021,0.483841329752712,2.0
192,0.334770282875856,0.6220665770594425,2.0
193,0.6165807086762782,0.562845490393339,10.0
194,0.4760695723394416,0.5003485048977357,1.0
195,0.18122972022700667,0.48317370076768995,-1.0
196,0.6909845364493467,0.6180918969332798,-1.0
197,0.43426411307950785,0.5598990116586869,1.0
198,0.6824466036317622,0.6391250796837742,-1.0
199,0.40668848168901645,0.5787258750339898,1.0
200,0.24641054303195425,0.5199996454784749,2.0
201,0.70047962294845,0.8025934866084612,-1.0
202,0.3087454487228254,0.5967712898918024,2.0
203,0.4420188866381084,0.7113407092345262,14.0
204,0.3453807503762437,0.5514491758281347,-1.0
205,0.5006208767245818,0.7760512290853905,13.0
206,0.6231288585176517,0.6415425115118399,-1.0
207,0.49584206150224297,0.7621899203394079,13.0
208,0.2676174164093237,0.5683549339164096,2.0
209,0.4716965093245946,0.6801149439858086,1.0
210,0.3123778514241735,0.6284750731453608,2.0
211,0.613044874204624,0.38786872429341396,4.0
212,0.5775891863308577,0.5853441047788595,11.0
213,0.5063822675878654,0.6017350194156948,1.0
214,0.23699094758952732,0.5206026302671728,2.0
215,0.45358138407797133,0.7155644767129004,12.0
216,0.46951049949989804,0.7642985496948671,-1.0
217,0.4669519574926563,0.599994566976555,1.0
218,0.2869110863937529,0.49673060706378497,2.0
219,0.40330424104872076,0.8030650079642776,-1.0
220,0.1564400416394175,0.4461772300077923,-1.0
221,0.5755772090134916,0.6299936118242355,-1.0
222,0.5179943110070294,0.7177874059688072,13.0
223,0.6467912454778622,0.5945599114516786,-1.0
224,0.38416392462540544,0.6045512553073528,1.0
225,0.1751266768290453,0.3212040302619489,-1.0
226,0.3743719100953975,0.41985142977321477,1.0
227,0.6429291755390013,0.4508616141067205,-1.0
228,0.43688332702593835,0.4212013591027015,1.0
229,0.08327712215127336,0.5437071639125157,-1.0
230,0.3421295210909909,0.3635067847601906,1.0
231,0.14450337123163026,0.5376530847935909,-1.0
232,0.3026781620548559,0.22582874945762219,0.0
233,0.2941799569854449,0.6182727942396491,2.0
234,0.20166745480973275,0.5952040361613758,2.0
235,0.2038716287083,0.3279312546017974,-1.0
236,0.185553011789943,0.41209188886364045,-1.0
237,0.21150429830272938,0.5158728684692516,-1.0
238,0.35119350164366814,0.5852109933788494,2.0
239,0.23794708631225844,0.7711017762546407,-1.0
240,0.42778845358109174,0.4982596977540728,1.0
241,0.2126047471795403,0.6562872614215058,2.0
242,0.8060908793324368,0.787623921846708,-1.0
243,0.513272625299857,0.6250622920660893,1.0
244,0.4079802320439522,0.6560363108874152,1.0
245,0.3003522324152524,0.5625735493986468,2.0
246,0.2972610203080721,0.42198565402416366,1.0
247,0.4755907996801457,0.7778901752485841,13.0
248,0.2995884833483027,0.6600350671378094,2.0
249,0.5095689392261324,0.7586771011798787,13.0
250,0.09226677027487462,0.3660134275607193,-1.0
251,0.7023678245257066,0.4477405799441189,7.0
252,0.23458481610846027,0.27751320627487197,-1.0
253,0.7512913130065424,0.5328882722542054,-1.0
254,0.18543332356466202,0.35658209679296343,-1.0
255,0.3201977954099606,0.46862027979388987,1.0
256,0.6722443885224935,0.7223029702878953,-1.0
257,0.5154979130543016,0.6636676972500014,1.0
258,0.6368814114848319,0.35821321906240744,-1.0
259,0.3845219315038218,0.6031159977536787,1.0
260,0.26826445351277395,0.620692745270127,2.0
261,0.46760909010043705,0.5863595625133277,1.0
262,0.3558030248126457,0.45361139028506126,1.0
263,0.24180990624107299,0.5345773626394585,2.0
264,0.44683535161522037,0.6474027211511496,1.0
265,0.3494546406733094,0.6752872736378001,1.0
266,0.5941999666930257,0.6421305940396655,-1.0
267,0.4145954562834827,0.8506757297398626,-1.0
268,0.4764132837262887,0.613427630997763,1.0
269,0.25306081527168944,0.5136050459401378,2.0
270,0.3055866255114925,0.4266556321088951,1.0
271,0.3045854906759191,0.568271384655436,2.0
272,0.1532153831130822,0.5279357645189025,-1.0
273,0.40556263048090996,0.6015902783488729,1.0
274,0.1857967366402694,0.4870867819167233,-1.0
275,0.26979109516683075,0.4718040974613919,2.0
276,0.32719367424432444,0.3968320501720962,1.0
277,0.435198988768376,0.6289539172674091,1.0
278,0.2792007438055485,0.6295827077491797,2.0
279,0.28943255634148274,0.5937540343655744,2.0
280,0.11668797061964481,0.5064323561017057,-1.0
281,0.35005607175993336,0.659151582322195,1.0
282,0.11573487438614655,0.7206563579813015,-1.0
283,0.10689696275918209,0.5763697782880792,-1.0
284,0.24919269131165803,0.572077084459026,2.0
285,0.24455419618988453,0.598026223666074,2.0
286,0.43516188299045605,0.6132160611878869,1.0
287,0.40117973529401635,0.6145733273404326,1.0
288,0.04310313144600397,0.09481023959353263,-1.0
289,0.2529121076438926,0.4720643936451361,2.0
290,0.5231628382533857,0.7188263720875337,13.0
291,0.5487522390608229,0.7179376868768022,13.0
292,0.38309417618107794,0.7406520823132341,-1.0
293,0.48173973052459745,0.5539588801563968,1.0
294,0.5720240219452736,0.8526684200283658,-1.0
295,0.364949203334666,0.6526318277939873,1.0
296,0.3278254030527882,0.5962248649348671,2.0
297,0.24060102621979468,0.6349922659020645,2.0
298,0.38090786121419057,0.4195170891073775,1.0
299,0.24061441404150155,0.5821428394962485,2.0
300,0.14201560874972746,0.5957005022988502,-1.0
301,0.2900763099857422,0.5892678675714501,2.0
302,0.30360992878855814,0.5882119501650431,2.0
303,0.34546449759956127,0.6954153145576845,1.0
304,0.340895491857207,0.6860372281579562,1.0
305,0.23672944041901176,0.5143734605630362,2.0
306,0.4602729109300893,0.6943404978913621,1.0
307,0.16882916624252026,0.3179371736478015,-1.0
308,0.861488035866096,0.39698163055313895,-1.0
309,0.6459755732307229,0.5469543827005184,10.0
310,0.54460027361134,0.6083320672691018,11.0
311,0.32151019945454734,0.43264600443639,1.0
312,0.3986104901808636,0.42079564719367074,1.0
313,0.5316673280039528,0.5527498862656433,1.0
314,0.571934883494407,0.26457781103076927,-1.0
315,0.4089192787762859,0.19198738670001514,-1.0
316,0.5878998799740112,0.3951583750586934,4.0
317,0.718716114043942,0.21395666655721057,-1.0
318,0.6018046127529219,0.35334500677670844,4.0
319,0.5993752531283145,0.39884487789816014,4.0
320,0.7651466863964348,0.33360461012375836,6.0
321,0.18270135527918402,0.6267196303566572,2.0
322,0.4975594324596636,0.752921747778402,13.0
323,0.4789390214283751,0.4782263441746456,1.0
324,0.5677623501431837,0.8043195725269662,-1.0
325,0.4001685749827147,0.38917927673450936,1.0
326,0.7192123246227009,0.5861862683271295,-1.0
327,0.6773407068084829,0.4386018233540797,-1.0
328,0.680567448214203,0.25160855194679543,6.0
329,0.5684501402189416,0.40988904485943894,4.0
330,0.23293517604450142,0.6560185392488124,2.0
331,0.44741229888073986,0.27198964572343903,5.0
332,0.25564867875916997,0.3887618566908854,0.0
333,0.5952551461767513,0.6742008318136753,-1.0
334,0.44443970376891145,0.4158569280507088,1.0
335,0.561211518462951,0.696898218212804,13.0
336,0.22067440510106068,0.5743414115354494,2.0
337,0.4229329159700333,0.7301817156026578,14.0
338,0.5134603657695255,0.6978589804646911,13.0
339,0.43726402279610643,0.7706242288979214,-1.0
340,0.5357976661460955,0.507168816355656,1.0
341,0.5498047824628264,0.6532697869633131,-1.0
342,0.3873290754306531,0.37678436931996667,1.0
343,0.4755611061606729,0.5567538527199347,1.0
344,0.46596582589035546,0.5607361884808512,1.0
345,0.37002617534167415,0.4382928252081757,1.0
346,0.6203049429566008,0.3932272151531373,4.0
347,0.50613889966224,0.8536697118912744,-1.0
348,0.25975609192161503,0.27354761752188117,0.0
349,0.4657125347846067,0.6092285982682899,1.0
350,0.2402555817358234,0.516421481018698,2.0
351,0.49175950238529553,0.6486153352305188,1.0
352,0.33574777421027713,0.740643513261243,-1.0
353,0.47599992240385514,0.5845004257041359,1.0
354,0.4398460855319006,0.5470027913551194,1.0
355,0.3386390772192372,0.4743924078879969,1.0
356,0.5165118422223509,0.5531582808699649,1.0
357,0.5979356905075135,0.7903700514166845,-1.0
358,0.3033262255481901,0.37825403401910235,-1.0
359,0.606155966114037,0.5336422324369935,10.0
360,0.3305086716172201,0.40980334348150216,1.0
361,0.4071198148074291,0.24013364971127968,-1.0
362,0.6667778254115767,0.5346501033305673,15.0
363,0.4298046990046096,0.7056085292371255,14.0
364,0.32679426757767416,0.6131638333059626,2.0
365,0.2773457977646181,0.6245956758019863,2.0
366,0.48541655572234055,0.7575803819333882,13.0
367,0.45549440539776015,0.3336485749687661,3.0
368,0.20232601453719318,0.3680027039546295,0.0
369,0.26323924874841215,0.7933386710037166,-1.0
370,0.43730501743784844,0.6427815984128429,1.0
371,0.43114028153479117,0.3923310326895619,1.0
372,0.7219972531930885,0.7489034886168497,-1.0
373,0.3395064239364812,0.6363580648617864,2.0
374,0.6205700766652693,0.75629380589711,-1.0
375,0.852936558224247,0.7934421205760454,-1.0
376,0.5027312950455038,0.23714211736666108,5.0
377,0.8489896961568708,0.4652664616169632,-1.0
378,0.3992051984879745,0.47385832527810917,1.0
379,0.41349442162832634,0.39655414267554967,1.0
380,0.7040093188709271,0.6972361575065944,-1.0
381,0.6593476787455624,0.669667338926474,-1.0
382,0.2332623020319484,0.7286926951841205,-1.0
383,0.41227745842439234,0.40159050626815146,1.0
384,0.26064614996130164,0.4621967846959218,2.0
385,0.48797230566977534,0.4966871143837729,1.0
386,0.3218090885836009,0.6209880571838111,2.0
387,0.7123406426341609,0.6580470350533577,-1.0
388,0.7487807192665943,0.33026698788943004,6.0
389,0.6593017919867987,0.1837903220350669,-1.0
390,0.3261299189137962,0.5056975327270375,1.0
391,0.26444098939609406,0.46950099658142463,2.0
392,0.18872448481326198,0.4866758610359591,-1.0
393,0.31394838499449945,0.541073541107924,-1.0
394,0.4357128663421425,0.560495718715598,1.0
395,0.3922128392660671,0.3159587119710715,1.0
396,0.28150197094893425,0.19995241875177644,-1.0
397,0.6131100931525085,0.4833519370665401,16.0
398,0.4637062735330323,0.44944006060071945,1.0
399,0.5208667940437688,0.5009669424436217,1.0
400,0.08184241799092917,0.25560043752550154,-1.0
401,0.34060686817739594,0.5933148908238489,2.0
402,0.48328958481430917,0.7028050280197037,1.0
403,0.2854156390175572,0.5568982387083073,2.0
404,0.3783969634653464,0.8674041917731965,-1.0
405,0.4949981368259935,0.7261485066269472,13.0
406,0.33794165154410466,0.6301543101117384,2.0
407,0.6506529751584939,0.8583725462112064,-1.0
408,0.5322667402305292,0.7683675724102783,13.0
409,0.22320500757722095,0.6263053074187763,2.0
410,0.5182708443263413,0.656170311508039,1.0
411,0.469263354207918,0.5345190186071078,1.0
412,0.28365214336633515,0.5779158651903559,2.0
413,0.19799679101219947,0.6289774024392503,2.0
414,0.17997880836924762,0.5853579468102599,2.0
415,0.1861019756722706,0.39333991354703646,-1.0
416,0.31220711351996916,0.3802961792634437,-1.0
417,0.2458264888681618,0.3522818216628957,0.0
418,0.7948465295643983,0.3521855562756331,-1.0
419,0.5865271192072445,0.31805032183427495,4.0
420,0.6275835594277139,0.3280057503902074,-1.0
421,0.5034921102574992,0.40037358749657853,1.0
422,0.4857768365053279,0.4254170150173284,1.0
423,0.3531800751361022,0.4249420981167122,1.0
424,0.5873002069749444,0.43084251921081523,4.0
425,0.5459485933486821,0.5010414192253416,9.0
426,0.34605567394486414,0.36879293694600174,1.0
427,0.5354162548004724,0.35270611824717446,3.0
428,0.7428427930860926,0.36786492942408994,6.0
429,0.11685264500251286,0.0967760540842017,-1.0
430,0.11390044774140129,0.5508711342806235,-1.0
431,0.32522407697004774,0.49280197224831396,1.0
432,0.5058021651235431,0.713231731898724,13.0
433,0.7170610273872049,0.2529756949757539,6.0
434,0.14508675937154308,0.38706542971815006,-1.0
435,0.28750750298552685,0.5391762203770043,2.0
436,0.24706480015873683,0.45653398138682355,2.0
437,0.265927656236314,0.46661704189498554,2.0
438,0.5282884854224723,0.5336356553891278,-1.0
439,0.43528487155500295,0.5415784991684253,1.0
440,0.29935314595587725,0.28541410454419336,0.0
441,0.5677736395783398,0.22908557546895844,-1.0
442,0.3542906848616253,0.188619376270393,-1.0
443,0.440109001600485,0.12550406892187843,-1.0
444,0.6890733952503834,0.3549653507941177,6.0
445,0.9571315849192142,0.4151176212024768,-1.0
446,0.47526396357589645,0.22985610349697924,5.0
447,0.7560039193444487,0.332610419621246,6.0
448,0.4999488719533641,0.30736913950762257,3.0
449,0.6942057495873156,0.30479110774380025,6.0
450,0.6422810620827999,0.27729069995681366,6.0
451,0.4946220790133619,0.5762119760255061,1.0
452,0.36377717211948285,0.48497599788671103,1.0
453,0.5540852596722523,0.37029883736039465,3.0
454,0.12598044329933022,0.1377595478922145,-1.0
455,0.5607777240275015,0.6041438148911413,11.0
456,0.34429681065515483,0.4340910443337673,1.0
457,0.8215078692053255,0.43094884989362015,-1.0
458,0.8050193473178033,0.8528606658665709,-1.0
459,0.5801331254976924,0.4225024555779844,4.0
460,0.7050747968991351,0.5699071909773473,-1.0
461,0.5167235420117283,0.6606679743243378,1.0
462,0.3357615604301052,0.3679328876168896,1.0
463,0.1677695993602537,0.0935777387089986,-1.0
464,0.7013768892214907,0.5508801349250757,-1.0
465,0.693992450590817,0.4541552720826312,7.0
466,0.6029592048184269,0.4680257732408568,9.0
467,0.672996594310419,0.4352235586663043,-1.0
468,0.40142750717109665,0.3541442262011866,1.0
469,0.49649845323702224,0.6515033481349032,1.0
470,0.5492046294271853,0.5002694873338465,9.0
471,0.7255865811843217,0.6372957428466619,-1.0
472,0.44113882220471284,0.2908775633051268,5.0
473,0.680292523919484,0.4911553130824623,7.0
474,0.5702540623691537,0.48009375266385035,9.0
475,0.49729885746163166,0.4056368695919652,1.0
476,0.6041470354853465,0.22964404360082674,6.0
477,0.7832099909202687,0.23159645371695653,-1.0
478,0.6388315097092787,0.24609983664750748,6.0
479,0.6171231797711499,0.2090630435256549,6.0
480,0.7083745560168098,0.495960525856796,7.0
481,0.7540847156978939,0.5957409922464487,-1.0
482,0.9186267456766701,0.2715936928317849,-1.0
483,0.7584653116769468,0.4427864312416499,-1.0
484,0.39991985055435153,0.2181772827476518,-1.0
485,0.8417342332680375,0.42850946401816054,-1.0
486,0.7055650711053674,0.2600903894052692,6.0
487,0.7166883924551899,0.31375835878612085,6.0
488,0.6353032217121066,0.31686541297503534,-1.0
489,0.7451013891852636,0.5914643910211652,-1.0
490,0.7128607436297083,0.49336203216109964,7.0
491,0.66893793898724,0.32570534165612086,-1.0
492,0.45126359728967264,0.23968168745058296,5.0
493,0.528684997223849,0.36192002009498686,3.0
494,0.6996908041948635,0.46204256152675754,7.0
495,0.6186093135752327,0.6284417985776691,-1.0
496,0.7773358707188064,0.632251454450283,-1.0
497,0.634819647196907,0.22565026522059992,6.0
498,0.46581160045670594,0.26572936465237473,5.0
499,0.5461484443952405,0.47772465800010416,9.0
500,0.7408499393994297,0.30569446195549765,6.0
501,0.7734444911310937,0.7701655946663244,-1.0
502,0.7116588041366749,0.2560072452743108,6.0
503,0.7379966263821066,0.7239320896949688,-1.0
504,0.41457296496658597,0.4923604748634225,1.0
505,0.5575577344676299,0.32733661429103267,3.0
506,0.6536575342080826,0.526032671538369,15.0
507,0.7515709549437937,0.3426512800596659,6.0
508,0.6154871280131216,0.23115841252185768,6.0
509,0.8306920891328444,0.29717297873964793,-1.0
510,0.7975397286921002,0.3693061953321045,-1.0
511,0.852607337997798,0.5229571628664561,-1.0
512,0.61562319498854,0.5033182456626982,16.0
513,0.7654480201550165,0.40114484039828147,-1.0
514,0.6466129755986227,0.6802282757016348,-1.0
515,0.6687467785763901,0.27184725311556224,6.0
516,0.4777414679635076,0.24735557542704764,5.0
517,0.7350970241996047,0.2756686848610621,6.0
518,0.4522575325236461,0.1499737205932285,17.0
519,0.5005013881083872,0.32984272834424644,3.0
520,0.3326378051277137,0.2176504483408151,-1.0
521,0.6523944213374127,0.24249590150836972,6.0
522,0.9362623934192291,0.5197682372004468,-1.0
523,0.1502702832603176,0.15647542026065914,-1.0
524,0.6319298892854207,0.4516229787846546,-1.0
525,0.8459015278274898,0.39153815056217767,-1.0
526,0.5951161022752302,0.2565121231873146,6.0
527,0.7374392574696969,0.5716300398191165,-1.0
528,0.7483620312832895,0.6645921851404055,-1.0
529,0.797227632735023,0.28758590555326125,-1.0
530,0.7313277105034419,0.20869934064778162,-1.0
531,0.6348349271809448,0.40481197820030357,4.0
532,0.49385963595333837,0.49829491434454964,1.0
533,0.8119715152200138,0.47187006667384784,-1.0
534,0.633054522694166,0.7004888773425133,-1.0
535,0.4148025941225274,0.40679530168762656,1.0
536,0.5662624877028721,0.47519448259609465,9.0
537,0.8224985920611191,0.4336406927948418,-1.0
538,0.4993892902372797,0.2740744075469718,-1.0
539,0.4571951281128253,0.40797614989861447,1.0
540,0.3141451670535218,0.41815123462024767,1.0
541,0.5877854306361745,0.29258453632817377,8.0
542,0.3792134349287905,0.6231986710738517,1.0
543,0.6440788622721074,0.6321528203686557,-1.0
544,0.47711934084059193,0.49214371432829185,1.0
545,0.6222856977019995,0.5259102123829431,10.0
546,0.7197137013805855,0.7743618863666382,-1.0
547,0.14744737901149646,0.5645120220050451,-1.0
548,0.33209551331984055,0.3307656469642922,1.0
549,0.16246222938897892,0.5321551029611831,-1.0
550,0.21876475115008356,0.5532449116049447,2.0
551,0.3971947395626147,0.5596734873651881,1.0
552,0.8099942884641584,0.5871607853799254,-1.0
553,0.46685276855432106,0.5137455768706259,1.0
554,0.2215511217542901,0.578983451828267,2.0
555,0.6382694118933592,0.6793151153869079,-1.0
556,0.44016805981527374,0.3705565789658104,-1.0
557,0.3534349377252254,0.42364287705061254,1.0
558,0.1280710998491214,0.5829808189367122,-1.0
559,0.6261189646136307,0.5482479378674986,10.0
560,0.3683322486664533,0.4268597453790892,1.0
561,0.8198426017672098,0.26161251418288567,-1.0
562,0.5294891220980935,0.3174571230633452,3.0
563,0.6699621733691479,0.2689856793446842,6.0
564,0.9756620791360446,0.13532220984128984,-1.0
565,0.8011616103812995,0.1664513187039916,-1.0
566,0.6802861523731156,0.379130042065302,6.0
567,0.5124071339671729,0.37281588064429527,3.0
568,0.2111893795991247,0.13358203371786848,-1.0
569,0.5135005416502691,0.19000971246830217,-1.0
570,0.7134638469234975,0.30252218854750385,6.0
571,0.7919052951002075,0.43596208505719514,-1.0
572,0.3869193584327044,0.5366890218762257,18.0
573,0.4742715556435162,0.3114521401162219,3.0
574,0.7845709668902425,0.6021405800941146,-1.0
575,0.6360329376752081,0.25437743546031855,6.0
576,0.7227996358230986,0.31490770058630047,6.0
577,0.30913054772706827,0.29429456262044024,0.0
578,0.6660719497881933,0.43012344758914145,-1.0
579,0.6199867508014882,0.5512962657163205,10.0
580,0.3976549585663976,0.3016838114672542,1.0
581,0.7798677395496587,0.4624421798820994,-1.0
582,0.5475809929818223,0.6774130765415904,-1.0
583,0.451700178180557,0.6788296075257596,1.0
584,0.5075262104282218,0.5060265465801438,1.0
585,0.5087178255181518,0.2436322617401195,5.0
586,0.3510727245522194,0.5229618790136781,18.0
587,0.4448293037668961,0.44751517529382145,1.0
588,0.5836428057736505,0.5107826366841215,9.0
589,0.8158644386152611,0.3733525728885123,-1.0
590,0.821091633709675,0.34435119353194954,-1.0
591,0.45259822841853453,0.50298112498603,1.0
592,0.7175612138774543,0.6362039571474761,-1.0
593,0.7508559501052564,0.7980149773490695,-1.0
594,0.7735969077179179,0.36777130558435556,-1.0
595,0.6896271092283918,0.32462610490724153,6.0
596,0.6268521266541729,0.622133805472544,19.0
597,0.5778535304284925,0.49095875067216854,9.0
598,0.38008694894954975,0.3927886897803482,1.0
599,0.5495299413222333,0.31952095703061145,3.0
600,0.5710451227529106,0.672212418922087,-1.0
601,0.45614198763464414,0.4822048747049789,1.0
602,0.677862664530295,0.23212497191662917,-1.0
603,0.7995673910617651,0.42215094073259646,-1.0
604,0.19912602222090559,0.18293416695079345,-1.0
605,0.7170190052486485,0.4596519698627633,7.0
606,0.3747531827704397,0.5976073446382757,1.0
607,0.7908830892349665,0.2647446510863285,-1.0
608,0.7392882099569918,0.4627666820461507,-1.0
609,0.5607432162472697,0.39915100842748663,4.0
610,0.7441571539828092,0.5047240364247481,-1.0
611,0.5703292013241902,0.5246504490533074,9.0
612,0.4016890215340976,0.39843176957868015,1.0
613,0.3839207409598548,0.631382233021235,1.0
614,0.7650582722646277,0.5014098373659011,-1.0
615,0.6189498814910012,0.6350835618979045,19.0
616,0.5822520852483829,0.5666997608525083,11.0
617,0.4860319453026527,0.2820043221829761,3.0
618,0.5555756420639933,0.45082116387789783,9.0
619,0.6807726456690002,0.48859757122525393,7.0
620,0.6459814747040609,0.4919661281558982,-1.0
621,0.3978102698961625,0.2627151722170107,-1.0
622,0.6990915233609951,0.3645082882949383,6.0
623,0.5057514812716244,0.6130055408906779,1.0
624,0.6328109746928124,0.3000569456122866,-1.0
625,0.6042031492409334,0.4373069434798843,4.0
626,0.6908348999098667,0.42601181304691044,-1.0
627,0.3437071259870705,0.3308093790717106,1.0
628,0.6249159491991407,0.5288621844182873,10.0
629,0.6881083398291367,0.47337331685829087,7.0
630,0.5401884560632523,0.35025267778454816,3.0
631,0.5311640260304017,0.2834519877208183,-1.0
632,0.5787445732444839,0.34113523234792886,4.0
633,0.571523080329611,0.3922472277147383,4.0
634,0.4334431819714819,0.2208613020925314,-1.0
635,0.7487589546778852,0.3723315477986654,6.0
636,0.904860838616146,0.480576996170246,-1.0
637,0.3432931414743813,0.4696236219244711,1.0
638,0.4969043719463152,0.5002862326281355,1.0
639,0.34344102207742366,0.4117492790670835,1.0
640,0.6981911842564235,0.27216712734283954,6.0
641,0.7008920775856264,0.5300439610557443,-1.0
642,0.6574662932463308,0.23105534357317703,6.0
643,0.7781592315033256,0.3075108315601852,6.0
644,0.594158861727804,0.6509412614236783,-1.0
645,0.7528637330936345,0.5619983838955214,-1.0
646,0.4196382166451802,0.5187016568776219,1.0
647,0.5884619666675942,0.4077390228190213,4.0
648,0.5995531486314708,0.2883831546204787,8.0
649,0.681912613208644,0.2835479813376646,6.0
650,0.2741393200282357,0.5937119596653466,2.0
651,0.5593575782700687,0.3726355005509549,4.0
652,0.40598343498408995,0.21196317283358057,-1.0
653,0.48940928597593336,0.6529711961596235,1.0
654,0.5731890393991929,0.5597332222657572,11.0
655,0.5211359392629588,0.4592840375774259,9.0
656,0.5092344977015743,0.47297304578173205,9.0
657,0.4289282142827626,0.4037551956030966,1.0
658,0.8773086461705006,0.22938550823873455,-1.0
659,0.8940811605544816,0.46289155393314707,-1.0
660,0.8160129664053555,0.5696880628860315,-1.0
661,0.5944972337663016,0.1620564773204854,-1.0
662,0.4310614023392056,0.1829118347197603,-1.0
663,0.6949315650445335,0.5294270692106222,-1.0
664,0.49751341047505887,0.41126742318050175,1.0
665,0.6621032652504845,0.3059476213672738,-1.0
666,0.2930105863314654,0.250647970142463,0.0
667,0.3416998645295919,0.1984890433711664,-1.0
668,0.36653624515846617,0.11524853686541064,-1.0
669,0.6559170281821178,0.3697555822536882,-1.0
670,0.648737870397385,0.3991417929374354,4.0
671,0.5142810373167296,0.4592113444189971,9.0
672,0.5591928919866261,0.18193590608886656,-1.0
673,0.7158970419011079,0.4929979696055976,7.0
674,0.5453003963939795,0.2141251426129186,-1.0
675,0.8545099595791614,0.4416053500965969,-1.0
676,0.6298087554833857,0.2813749891708431,6.0
677,0.5532871062655758,0.2175481822717228,-1.0
678,0.4659117698047795,0.2660753684629251,5.0
679,0.6299975808407554,0.21569524995819606,6.0
680,0.6108821139000136,0.22820251053473922,6.0
681,0.7209922529334247,0.35768053663811783,6.0
682,0.5915543147550546,0.3283178134371769,4.0
683,0.5677590687198142,0.27625352762957023,8.0
684,0.3523006161325932,0.5326791777472887,18.0
685,0.5241128431761108,0.48456416031907035,1.0
686,0.799874148269302,0.36089904748528934,-1.0
687,0.6965280950159229,0.38481924228529024,6.0
688,0.5813449986435001,0.11908662919167234,-1.0
689,0.7433882954277874,0.41603285874474016,-1.0
690,0.44352374404032263,0.4250545068725318,1.0
691,0.7242790087883453,0.6440589830503654,-1.0
692,0.39017840679966787,0.19513237329239197,-1.0
693,0.49496720810145167,0.35360171984471195,3.0
694,0.6485281690125295,0.2685099385327844,6.0
695,0.4858290231685247,0.3120687974044438,3.0
696,0.3175395418820527,0.19477285631204472,-1.0
697,0.26969196645139004,0.13820934009656238,-1.0
698,0.5642269808899004,0.1716022704171694,-1.0
699,0.5966111711232467,0.3842944558992534,4.0
700,0.5261163159658987,0.32612126099418104,3.0
701,0.8773761623717717,0.2780627941444733,-1.0
702,0.7932367091272723,0.43915512385014976,-1.0
703,0.7197881475699364,0.3557027282248258,6.0
704,0.719798036019214,0.3126016298312284,6.0
705,0.6211096306327208,0.41436187178143175,4.0
706,0.6187933725454476,0.3516695076704133,4.0
707,0.38756597484158317,0.1048880310432348,-1.0
708,0.6541756897558039,0.3350101380898375,-1.0
709,0.4325268408932121,0.28363749113977066,5.0
710,0.5844062895808511,0.38894019539411206,4.0
711,0.3742751655670231,0.3226342083543161,1.0
712,0.45306869925019727,0.15477143702944818,17.0
713,0.554811545312497,0.2584884645332567,-1.0
714,0.6002618286376998,0.22798695913469785,6.0
715,0.6555665730693219,0.3772923042170438,4.0
716,0.3968279134558223,0.3743451351951123,1.0
717,0.5031632025984325,0.39935270506837633,1.0
718,0.4750697348356083,0.5419296302584875,1.0
719,0.618710199348449,0.3095061045431769,-1.0
720,0.47181617740981796,0.5881247061071586,1.0
721,0.6845438906415108,0.38594508943756733,6.0
722,0.6912735474562318,0.5950730937160432,-1.0
723,0.42149320470845963,0.5868443663830157,1.0
724,0.4981891024230168,0.49670577685583084,1.0
725,0.7103954459741686,0.32803016677617525,6.0
726,1.0,0.48999259770235504,-1.0
727,0.8086352265241503,0.8553439621051275,-1.0
728,0.37870288509033506,0.30426536462399556,1.0
729,0.5143107488511808,0.6422111690321641,1.0
730,0.898490775861146,0.366314314104358,-1.0
731,0.5961387754120953,0.3575027029363658,4.0
732,0.7409501516697328,0.30547786745494354,6.0
733,0.4370579245781251,0.5206165122092272,1.0
734,0.3014586814289516,0.42267515559415364,1.0
735,0.569297363793137,0.5034770531444046,9.0
736,0.7624400255019033,0.45140845057092244,-1.0
737,0.6715098062693765,0.2991537924420186,6.0
738,0.6276735178321621,0.38085647099882025,4.0
739,0.775557814531612,0.2985183482933323,6.0
740,0.6258418930877188,0.2053940232437378,6.0
741,0.644179287800762,0.35982540373026695,-1.0
742,0.5158008876946463,0.7218945765154897,13.0
743,0.4374255118982655,0.2778648452430258,5.0
744,0.3710284287904839,0.2600792088210796,-1.0
745,0.5967356290789609,0.06157753456159609,-1.0
746,0.27219984763061966,0.25008352118021393,0.0
747,0.5204000429452927,0.32281638786253497,3.0
748,0.41027606302327807,0.45453341578155637,1.0
749,0.24196094265453255,0.270246384516603,20.0
750,0.3941761773528115,0.28114280355022325,1.0
751,0.42067143569298615,0.294171087537599,5.0
752,0.26316667578272757,0.2591241259639636,0.0
753,0.6315548715782728,0.2698581522339351,6.0
754,0.7773223303969111,0.4321987151723973,-1.0
755,0.25686034053157886,0.49532767491221963,2.0
756,0.3097155642796904,0.4819368542185666,1.0
757,0.5512165665497173,0.2412337112831947,-1.0
758,0.4172366357422732,0.3590496684584737,-1.0
759,0.4836006148377411,0.4980920022569859,1.0
760,0.6004136587123499,0.20068982977288674,6.0
761,0.6957145293808205,0.39288240380865325,6.0
762,0.43212663660802314,0.5550221585317072,1.0
763,0.5210889326821516,0.41478025617427366,4.0
764,0.20273413797447093,0.21899342060847404,-1.0
765,0.19813238092699037,0.5424672292410494,2.0
766,0.39638859009386196,0.6334554347329794,1.0
767,0.18052829922966285,0.5852480108915852,2.0
768,0.7320102379377285,0.35002602663818194,6.0
769,0.5055930710893137,0.5103693231350208,1.0
770,0.5244245770892232,0.5969409603858394,1.0
771,0.40551076783839296,0.42069948980353555,1.0
772,0.9300325922522814,0.4843160774143019,-1.0
773,0.33646734895361663,0.6910094377296132,1.0
774,0.30098939897159205,0.3577248938070084,0.0
775,0.4671834062966845,0.32262732637379316,3.0
776,0.2370139816369189,0.283783895830947,20.0
777,0.5619818881445717,0.2985210101779757,-1.0
778,0.7238684021508504,0.2945496305855465,6.0
779,0.7161084799671802,0.35178721555573217,6.0
780,0.5042020120413887,0.21835765546684716,5.0
781,0.20194023717535414,0.5174259487112123,-1.0
782,0.38839879016903217,0.5994086671788236,1.0
783,0.4653398894340945,0.40457886858724046,1.0
784,0.5311483686883278,0.19415969251820653,-1.0
785,0.5493102143235343,0.28953575113791374,-1.0
786,0.18715657506487404,0.19258236818769658,-1.0
787,0.5255669589622182,0.6338947633099165,1.0
788,0.38349975523455226,0.5585612366594562,18.0
789,0.8150879848781362,0.1375610359002737,-1.0
790,0.32744818216612237,0.24131875493408378,0.0
791,0.3412738487942285,0.5086189862281723,1.0
792,0.4354175193770885,0.4273711801565735,1.0
793,0.23470197489021097,0.2697166293073148,20.0
794,0.6366064851275901,0.4069500590127523,4.0
795,0.7160866242685008,0.48626958707557605,7.0
796,0.5574311810010941,0.5017890077543306,9.0
797,0.7321638555258387,0.29996263262129547,6.0
798,0.5201737020825093,0.6730851708414571,1.0
799,0.3385927440821407,0.29740831440643817,-1.0
800,0.7258478037818032,0.42228577784131727,21.0
801,0.5281465768451281,0.3352545864342305,3.0
802,0.46780211786030323,0.3602304481841253,3.0
803,0.28823063819997485,0.23347936757330465,0.0
804,0.6680397975722114,0.2596193357960868,6.0
805,0.581628356851555,0.2318514512969109,6.0
806,0.714192096211104,0.4250577287425234,21.0
807,0.43714459084133045,0.494922989075956,1.0
808,0.7990241222313978,0.45727602124089195,-1.0
809,0.5612318637100876,0.11466257036435284,-1.0
810,0.5352353789843126,0.7013287940084734,13.0
811,0.6150172859526069,0.17237690254683602,-1.0
812,0.8112190989306073,0.41168600093002233,-1.0
813,0.7219967253406577,0.306947920790799,6.0
814,0.6599689734268337,0.5140434718636266,15.0
815,0.5020845416838516,0.7799167558499374,13.0
816,0.7697403184732889,0.4357250640381513,22.0
817,0.43847659500705877,0.6976196245880147,1.0
818,0.522058610640475,0.408361351808651,1.0
819,0.8980945437860612,0.4629632684912344,-1.0
820,0.5539833690189668,0.5902389754858345,11.0
821,0.75675101865582,0.5362934090241158,-1.0
822,0.3951070928847361,0.623608349873286,1.0
823,0.6156813191932017,0.11755665211018673,-1.0
824,0.6777973653657989,0.34976802743784513,-1.0
825,0.6606483647032276,0.3172211705031117,-1.0
826,0.7738951800380667,0.3179533024997444,6.0
827,0.502727004037874,0.6207415833509273,1.0
828,0.5987117305733278,0.24454796603783743,6.0
829,0.6800935584555252,0.2896644055450333,6.0
830,0.2838069638026122,0.4923192062624549,2.0
831,0.25242019243305147,0.5054314577779252,2.0
832,0.4368616055259174,0.1551679538925117,17.0
833,0.21889615743746707,0.37463700943387296,0.0
834,0.5900590128464049,0.26623377125045833,8.0
835,0.27475665182164793,0.4862500147776155,2.0
836,0.4836467653283341,0.4412935557052764,1.0
837,0.5687033515647616,0.3520367274069819,4.0
838,0.6731961365678272,0.8970461429112762,-1.0
839,0.4826716663923747,0.5271142331310714,1.0
840,0.5508695470342155,0.7478913207633571,-1.0
841,0.7137976100293817,0.8787440395345572,-1.0
842,0.2770117233497179,0.5442370546281254,2.0
843,0.23950388816340776,0.6353840759259631,2.0
844,0.5037869626444712,0.629551270753496,1.0
845,0.5200549461658506,0.7326298454011027,13.0
846,0.3578933479614829,0.6711338594197207,1.0
847,0.5552627975642407,0.5899240645532539,11.0
848,0.42440029953337516,0.6879151845572451,14.0
849,0.5171968672093155,0.6548858321779737,1.0
850,0.573671544244224,0.2795102030110954,8.0
851,0.37787463297688695,0.5182246745520339,18.0
852,0.5461614816446745,0.14356543604051997,-1.0
853,0.3684532537511481,0.6623213422749638,1.0
854,0.29025419617421866,0.25249256190559644,0.0
855,0.22117164179123872,0.6419469487014987,2.0
856,0.6165601327034492,0.6625752032403117,-1.0
857,0.11361867631521838,0.5082834702503977,-1.0
858,0.03359880693828243,0.3887634934965862,-1.0
859,0.43837400217080313,0.5848932163358549,1.0
860,0.18611073161443453,0.5421485202373553,2.0
861,0.5925981246030019,0.34187670385464924,4.0
862,0.20648950896602736,0.5414854212872181,2.0
863,0.1869076555842381,0.19118242760226428,-1.0
864,0.5776993153937026,0.6004860717541578,11.0
865,0.8180353832752985,0.7114662968082254,-1.0
866,0.364691875554226,0.2584683964937866,-1.0
867,0.5785984118480871,0.17348045547414626,-1.0
868,0.38866629857234986,0.061577856219572735,-1.0
869,0.3771359439287102,0.5497010305687029,18.0
870,0.5462024338346076,0.32621265345557693,3.0
871,0.46667527350761534,0.5973001120313945,1.0
872,0.43850870413000576,0.5777703955670729,1.0
873,0.40103631425211145,0.5385731163724025,1.0
874,0.4967934869279488,0.5118633068303159,1.0
875,0.4630749479053956,0.14434241832581274,17.0
876,0.32028054848651955,0.35172569815865307,-1.0
877,0.4129415124191673,0.6283709858773933,1.0
878,0.38106526869811425,0.6543437110513778,1.0
879,0.5085271180180304,0.43321639558092184,1.0
880,0.27163772104653305,0.7823659416410553,-1.0
881,0.2648118040047601,0.33409134566933085,0.0
882,0.6314940194788918,0.6858295319880865,-1.0
883,0.4586309541486771,0.6158751492058363,1.0
884,0.5092635718680418,0.7518771957732016,13.0
885,0.24920722121411554,0.5858061182794865,2.0
886,0.3194730953460016,0.6071031791879626,2.0
887,0.4678600722378649,0.5975922076701474,1.0
888,0.8882622950107304,0.6097891059524263,-1.0
889,0.4369735517241244,0.26417275463864837,5.0
890,0.252718758595612,0.7379986143043374,-1.0
891,0.28804143612780725,0.6768903559763626,2.0
892,0.4000228886071752,0.25151484244411393,-1.0
893,0.7478581698154598,0.32273807337705196,6.0
894,0.7062482563406647,0.29379207674301844,6.0
895,0.2923962170810267,0.7420365344730866,-1.0
896,0.33484778958636296,0.3692020505989789,1.0
897,0.658944978684906,0.5626309396627934,-1.0
898,0.4518149197360564,0.5724384209372292,1.0
899,0.5730101757192725,0.8221390470836085,-1.0
900,0.40168761618475285,0.4115826942121761,1.0
901,0.30889438552826565,0.43188401162006923,1.0
902,0.1994180264667771,0.464472838031387,-1.0
903,0.2637245872145107,0.5144044835946355,2.0
904,0.33371879314831093,0.6883097002655434,1.0
905,0.23665711532831024,0.6401924479656693,2.0
906,0.5140556070943506,0.7089209120926997,13.0
907,0.409414898210213,0.7722517216988435,-1.0
908,0.2557149056983422,0.6103384812270215,2.0
909,0.3252523019503794,0.639083555940893,2.0
910,0.3763111616078442,0.5946414229145867,1.0
911,0.24405330164351696,0.5084622102670657,2.0
912,0.35863369470836404,0.6675206714464045,1.0
913,0.3652669972299274,0.6913281917028465,1.0
914,0.23262628214017897,0.7452241247513762,-1.0
915,0.5556755378245841,0.7727287913367157,-1.0
916,0.41595876417178335,0.6366184984318607,1.0
917,0.25808930495577376,0.674127288193767,-1.0
918,0.32928892162297885,0.6178567751173477,2.0
919,0.14605771623574498,0.2314880409475934,-1.0
920,0.22429591242864266,0.5385410578762007,2.0
921,0.36212764629369043,0.6886268966018203,1.0
922,0.20540588995082848,0.650088796388699,2.0
923,0.28240587952597934,0.6109964001018985,2.0
924,0.4953121389301422,0.6222473438191641,1.0
925,0.1505454371282257,0.5387265541291746,-1.0
926,0.1051051631365506,0.4263447712820714,-1.0
927,0.395343447559496,0.622822976124074,1.0
928,0.14827870865018344,0.49620852779276986,-1.0
929,0.31085956566568207,0.7262281043796266,-1.0
930,0.0,0.5991807705284837,-1.0
931,0.1390787479068567,0.4552105440879384,-1.0
932,0.185491746873368,0.5314514543031594,-1.0
933,0.18003021466574493,0.5681260128696809,2.0
934,0.3197196077614649,0.7373909947382951,-1.0
935,0.3964916447544241,0.7760612995081514,-1.0
936,0.4337106184180834,0.7680025551066769,-1.0
937,0.25793406973033767,0.4641250662904938,2.0
938,0.10622967678250927,0.4535050167398472,-1.0
939,0.32722546720279067,0.5940778548716469,2.0
940,0.4976866994809571,0.7788500255414533,13.0
941,0.24217868082716468,0.5692034064493637,2.0
942,0.18212743512624163,0.6579118302085184,2.0
943,0.05173102491901199,0.49662478150681033,-1.0
944,0.38054928430888824,0.6727330898391725,1.0
945,0.5331318966305013,0.8634004298734177,-1.0
946,0.5362287407358041,0.7156091875463269,13.0
947,0.5667096201681439,0.8614205520495704,-1.0
948,0.30495198921894834,0.7575166184118383,-1.0
949,0.29522690665614437,0.6604867503871368,2.0
950,0.41322896709362444,0.6934056953813443,1.0
951,0.33185634373206463,0.7255754071202128,23.0
952,0.3887189047715381,0.4192197098683375,1.0
953,0.26630810713408604,0.35953596677976096,0.0
954,0.47764909286188445,0.5777547080829579,1.0
955,0.6085473917069665,0.21883653124859304,6.0
956,0.43135473685027365,0.7481420068688247,-1.0
957,0.5932423696063598,0.5947752714177675,11.0
958,0.41497026414816496,0.5672067906819226,1.0
959,0.49212409348191677,0.5932480025797859,1.0
960,0.36605959274033995,0.7052269770403365,1.0
961,0.6342115008497282,0.6885260304393199,-1.0
962,0.6309413882303107,0.7125988798454822,-1.0
963,0.4826941612592399,0.6390943585665282,1.0
964,0.42479561294715995,0.632219136148996,1.0
965,0.6835001217423844,0.5120050506919285,-1.0
966,0.34804459274302935,0.5401593864376966,18.0
967,0.11239633119444947,0.4978766744983275,-1.0
968,0.11684672450996891,0.5702015534127294,-1.0
969,0.6164186013919736,0.7988236715275256,-1.0
970,0.28306597933851485,0.2418066824294518,0.0
971,0.45004877631678264,0.6096694789529661,1.0
972,0.26195757300120215,0.5188769598246313,2.0
973,0.28118602963256456,0.6391048810211324,2.0
974,0.08059082466983802,0.6904568988993404,-1.0
975,0.348612682441498,0.7519357492717841,-1.0
976,0.34066269464323606,0.7432485089801752,23.0
977,0.27928546290557166,0.7156589507516167,-1.0
978,0.3657080705269625,0.6860327226957293,1.0
979,0.275783564382299,0.44019387620349,1.0
980,0.46704880953065026,0.6181795231826566,1.0
981,0.48068335304966664,0.6152710159360537,1.0
982,0.3468875113092469,0.615742544470222,2.0
983,0.5172360591393745,0.746529215111613,13.0
984,0.3491330982710378,0.8104886744473507,-1.0
985,0.5544087956394992,0.6813532667762888,13.0
986,0.13497257738687962,0.5030307316622837,-1.0
987,0.16950713713489302,0.5816640796728675,2.0
988,0.5181840214215918,0.3591360470016715,3.0
989,0.5122331756984394,0.6784105826728771,1.0
990,0.34408209307094784,0.5542926410817808,18.0
991,0.2058197591432362,0.3273209566053039,0.0
992,0.7475858206102031,0.4814518320656527,-1.0
993,0.3931505317659769,0.6569487355278116,1.0
994,0.09628477669602759,0.18432147256744574,-1.0
995,0.19001178334144259,0.44094720386952985,-1.0
996,0.27954274160639003,0.5036894121400008,2.0
997,0.4736646659368445,0.5584996066939208,1.0
998,0.33512864143234167,0.32900267951151607,1.0
999,0.38125072860063247,0.31025188724361424,1.0
1000,0.3911387424769197,0.4382173610505849,1.0
1001,0.14502687951342308,0.23896443257397276,-1.0
1002,0.15890518383960817,0.4470936233182474,-1.0
1003,0.3976814850721091,0.38970396634701404,1.0
1004,0.21473721929575534,0.5851231525289696,2.0
1005,0.19726926500973735,0.6999760216741711,-1.0
1006,0.4706737257608783,0.8153961846601288,-1.0
1007,0.44011680311771634,0.6636474090030113,1.0
1008,0.5609565545968579,0.6813623615490865,13.0
1009,0.7180976405415971,0.38316530731044807,6.0
1010,0.3703990096198606,0.623503119931945,1.0
1011,0.6904792647171609,0.7220264255794765,-1.0
1012,0.49116757441894826,0.6467245411515583,1.0
1013,0.2695808804760013,0.5541227905795583,2.0
1014,0.24329399971125493,0.5580029639746419,2.0
1015,0.5121463176113463,0.483700338383814,1.0
1016,0.24980884018722566,0.5325656643506929,2.0
1017,0.4964286622370357,0.839802573489796,-1.0
1018,0.30790348257068645,0.5771374340303247,2.0
1019,0.47414413862557864,0.7460586947610363,12.0
1020,0.2907648366371157,0.6333629174296642,2.0
1021,0.4280750774045415,0.47147587892479753,1.0
1022,0.2579237198803811,0.6300548055956141,2.0
1023,0.6175447685789639,0.2339143439075902,6.0
1024,0.1492445993581959,0.32312556955497274,-1.0
1025,0.20168509845394061,0.16849080846955294,-1.0
1026,0.7227617451614613,0.4499617043534831,7.0
1027,0.1815218268926045,0.5029634700002679,-1.0
1028,0.1342284454681209,0.3101375355818735,-1.0
1029,0.287157142197929,0.33637462567803034,0.0
1030,0.2607425568040977,0.47675975326574793,2.0
1031,0.37292915062972953,0.6941071202702243,1.0
1032,0.12457192065804173,0.49760119678192644,-1.0
1033,0.04176129054159927,0.15710285074377556,-1.0
1034,0.5818280647843088,0.5888240053468033,11.0
1035,0.3114626566646629,0.4951458872437157,1.0
1036,0.4574663936635241,0.3293978884936938,3.0
1037,0.5653299351367362,0.47028245376582617,9.0
1038,0.5839350358925137,0.44509131801080004,4.0
1039,0.549131587786051,0.41058131198427017,4.0
1040,0.3017277623485526,0.3175961293453702,-1.0
1041,0.44982761684018346,0.6716474292324023,1.0
1042,0.5096767521065878,0.6725664905816555,1.0
1043,0.5898827464145592,0.41957172539304727,4.0
1044,0.3816376180305916,0.2812148456373285,-1.0
1045,0.2946205227393386,0.2693764289433453,0.0
1046,0.5059544369968992,0.5961480980880994,1.0
1047,0.4324956769467376,0.5134266613495501,1.0
1048,0.2747076461437029,0.6324452323918357,2.0
1049,0.2751937956961395,0.47716517684357485,2.0
1050,0.6199394598132713,0.6731702950092493,-1.0
1051,0.18779496359069348,0.6266874680766925,2.0
1052,0.6719261410456501,0.7324641125682185,-1.0
1053,0.7116639252456259,0.42544024836489,21.0
1054,0.5680482155491668,0.64668420493283,-1.0
1055,0.20616722905421464,0.6037316643490688,2.0
1056,0.6620113066736839,0.5533877905516817,15.0
1057,0.36095084912703146,0.6601251213890962,1.0
1058,0.3634481196847216,0.46634522131506273,1.0
1059,0.2290074138141565,0.5880907495826022,2.0
1060,0.4774861082595349,0.40437776370859624,1.0
1061,0.3431071428660261,0.431655573110898,1.0
1062,0.24354577520652104,0.3432631759487267,0.0
1063,0.22410366557976233,0.3754718248157427,0.0
1064,0.3185708470858565,0.4682215561838448,1.0
1065,0.45860833621359376,0.5347840264569612,1.0
1066,0.34932495658628615,0.45842136956768414,1.0
1067,0.4276729401743673,0.6602749780125052,1.0
1068,0.17340599109745103,0.35167589402701727,-1.0
1069,0.5223405860792446,0.5541518977485569,1.0
1070,0.1916248080744275,0.5739458177048072,2.0
1071,0.6271079362291945,0.3784505421187,4.0
1072,0.48342038355076083,0.28056931933351814,3.0
1073,0.34244808219667267,0.2865522383127184,-1.0
1074,0.4334382427321036,0.36274986614701077,3.0
1075,0.613912623287787,0.42871209315260755,4.0
1076,0.6033316297842403,0.2859579068970558,8.0
1077,0.7591740805861074,0.448423700469902,22.0
1078,0.34269666046883485,0.643174218890175,1.0
1079,0.5813559483713249,0.6128886749745464,11.0
1080,0.6600553942701346,0.37646223135544243,-1.0
1081,0.4500844045856182,0.5234410287264347,1.0
1082,0.28299151641635856,0.3033000205736024,0.0
1083,0.3861126418266837,0.35213657895379247,1.0
1084,0.2812426225908753,0.5289706784935829,2.0
1085,0.03445826414126213,0.52380983594842,-1.0
1086,0.22361325602260976,0.1169928258708477,-1.0
1087,0.14665220964797077,0.16103579016519998,-1.0
1088,0.6385180670156625,0.297951582222851,-1.0
1089,0.49299948172222124,0.5861547582033849,1.0
1090,0.7555906348946402,0.34052160767405626,6.0
1091,0.7319537707138692,0.360986093073859,6.0
1092,0.4488881965150047,0.31681384162378523,3.0
1093,0.389758156064685,0.4686214980903565,1.0
1094,0.48215703137961125,0.5216583802273426,1.0
1095,0.5435665766936635,0.45508239213855456,9.0
1096,0.2809303487155391,0.2940350220229426,0.0
1097,0.5987289272585339,0.4987171476871373,9.0
1098,0.693407280530467,0.6226168439730195,-1.0
1099,0.38256637746130634,0.247871174771561,24.0
1100,0.39926517717756616,0.3140043097667821,1.0
1101,0.3758451191146419,0.32277721939607384,1.0
1102,0.4529426033096044,0.32894720863195864,3.0
1103,0.4511895361547704,0.42810361768150423,1.0
1104,0.6866888173051549,0.5585887739308265,-1.0
1105,0.6139890195473666,0.6073279788515851,19.0
1106,0.42226307347208614,0.42506047573658573,1.0
1107,0.5097942228233134,0.29434830746835294,3.0
1108,0.7596864567716695,0.4288612816044466,22.0
1109,0.5568730222190776,0.5189825087606027,9.0
1110,0.6786076907512506,0.5217447812418271,15.0
1111,0.48914168170596534,0.4128861329271023,1.0
1112,0.5389235510288009,0.4704519922120137,9.0
1113,0.4714662606221988,0.40328124081219663,1.0
1114,0.45115790364029373,0.2543628149575944,5.0
1115,0.45722171186109517,0.2618567342889354,5.0
1116,0.4980999805420182,0.22203040707719715,5.0
1117,0.6771778933587536,0.22913176144346983,-1.0
1118,0.19127584801364117,0.0909579697227132,-1.0
1119,0.8700961860213525,0.33861189225845045,-1.0
1120,0.5958926352531851,0.37346445570813175,4.0
1121,0.28764082885745357,0.28337731056791154,0.0
1122,0.5699917353929,0.3714817474600851,4.0
1123,0.959090149369259,0.3109708363645779,-1.0
1124,0.6403563283920032,0.21532064703406373,6.0
1125,0.8467307716550765,0.17919438322824915,-1.0
1126,0.7992513279737234,0.1538116495220901,-1.0
1127,0.5388342128525377,0.4580443730191747,9.0
1128,0.6154821886961589,0.21921424063140488,6.0
1129,0.6973264468145405,0.32111737567879006,6.0
1130,0.2527385573611697,0.09921699503225007,-1.0
1131,0.6413175507049145,0.23855077870235158,6.0
1132,0.30253974301449116,0.13036840204077887,-1.0
1133,0.6334577013003593,0.23488102103547673,6.0
1134,0.4675601964258718,0.5021615354552909,1.0
1135,0.7458776440881134,0.28184501896861736,6.0
1136,0.3254135156293959,0.10117193830276483,-1.0
1137,0.5173545603830298,0.1875514030831586,-1.0
1138,0.8826325969890454,0.2343334203511866,-1.0
1139,0.3196132666386715,0.19285044486558456,-1.0
1140,0.1987307105280131,0.09689617924232713,-1.0
1141,0.5558503804111653,0.5311672360032679,9.0
1142,0.6994009421982729,0.5642641742435597,-1.0
1143,0.8445917426064145,0.517528079380855,-1.0
1144,0.3219484132631224,0.4700443025288615,1.0
1145,0.4180424292180854,0.5484140301493974,1.0
1146,0.5400568553031825,0.7419631268343074,13.0
1147,0.16859676690621106,0.2780096357316684,-1.0
1148,0.3785036325568973,0.7651954107747259,-1.0
1149,0.3119931508611711,0.5282500287899596,-1.0
1150,0.34555152674741973,0.49155043351813926,1.0
1151,0.3902880805390143,0.5901336372054343,1.0
1152,0.45195054322585443,0.4568727122008617,1.0
1153,0.37541215836236136,0.3282947407570229,1.0
1154,0.6101769927517458,0.43667699955294,4.0
1155,0.43337281470273487,0.34037486694724767,3.0
1156,0.3531626310779996,0.33496331250911965,1.0
1157,0.5737177018667973,0.4308786846568577,4.0
1158,0.27141705688632656,0.1790671220105503,-1.0
1159,0.6306416520287074,0.49133390293485296,16.0
1160,0.6236460801765359,0.25683370789067467,6.0
1161,0.7634756153851479,0.3166632246625662,6.0
1162,0.5004993418765251,0.14416636430967278,-1.0
1163,0.7616724207252221,0.30241536170712147,6.0
1164,0.6388226997964662,0.34042726482950914,-1.0
1165,0.3695673656319718,0.41200037263074074,1.0
1166,0.3693167470361091,0.3508398088130263,1.0
1167,0.3383414205801465,0.37661208800944973,1.0
1168,0.373640254288911,0.2642532273901078,24.0
1169,0.7910474905976996,0.4553617564454586,-1.0
1170,0.683792380653055,0.3528729993105126,6.0
1171,0.29486523683727817,0.2446341689087673,0.0
1172,0.5710088247049251,0.38175968314346576,4.0
1173,0.6112407764355581,0.4657928222790612,16.0
1174,0.8178295643983364,0.38738852876915303,-1.0
1175,0.44524775237460323,0.290690331328724,5.0
1176,0.39458573676413394,0.2814699331249706,1.0
1177,0.4256851035685126,0.42688326036958135,1.0
1178,0.6428224742158828,0.4327043055118622,-1.0
1179,0.5758688855612906,0.3322563588625671,4.0
1180,0.38441862615385336,0.38805511455812325,1.0
1181,0.37150892009411096,0.3850263325016518,1.0
1182,0.3538439640797476,0.6840809792169882,1.0
1183,0.39024559370395656,0.4920944005016977,1.0
1184,0.4148491531507898,0.2826775866699526,5.0
1185,0.4422377364927951,0.5600044965528452,1.0
1186,0.37001041422278985,0.43454871131142925,1.0
1187,0.3587328186175208,0.48004670480278405,1.0
1188,0.45715172391607306,0.7274595740432742,12.0
1189,0.7674233455091559,0.3697296179325252,-1.0
1190,0.7593917380409666,0.3102150973303198,6.0
1191,0.41812579487673773,0.8252572291400357,-1.0
1192,0.44087278074029734,0.6693854615278729,1.0
1193,0.3078545347770038,0.22318731819404422,0.0
1194,0.4331050717209206,0.15569694904717135,17.0
1195,0.6502783547734537,0.45332739392806837,25.0
1196,0.4656449772229484,0.4327678842379147,1.0
1197,0.34502617462193325,0.5701410755949573,2.0
1198,0.16179726196020067,0.11219891473606858,-1.0
1199,0.29158330124589404,0.3645216707400979,0.0
1200,0.4896222073865989,0.3420865937589216,3.0
1201,0.44588520780327506,0.4349716130907989,1.0
1202,0.27121674949316354,0.7080402317961114,-1.0
1203,0.2245768744792304,0.2344032107983773,-1.0
1204,0.3129881008736197,0.7415759523097466,-1.0
1205,0.34129231134356836,0.7128360124132327,1.0
1206,0.7365073269704938,0.6206415262379225,-1.0
1207,0.4414116122099152,0.506617284950559,1.0
1208,0.40460331091233126,0.43014335584192304,1.0
1209,0.26846850766543107,0.4320171631821065,-1.0
1210,0.13896419222604534,0.6303415201703461,-1.0
1211,0.2929577602896425,0.6418184715625257,2.0
1212,0.2771218002880873,0.27806114989713904,0.0
1213,0.16233593301487065,0.32656300777339387,-1.0
1214,0.7039058166043887,0.58946455771259,-1.0
1215,0.17450735236331621,0.49213192700954783,-1.0
1216,0.16634756963805902,0.26373769054381835,-1.0
1217,0.19552605100837567,0.27892539453008447,-1.0
1218,0.30113560096633096,0.4872169342875351,1.0
1219,0.3745386480932594,0.24291356612128434,24.0
1220,0.29242466892952834,0.6560420205546098,2.0
1221,0.43609175910497344,0.0,-1.0
1222,0.5503717155777684,0.5117454892074729,9.0
1223,0.5864121616491216,0.2850001047445673,8.0
1224,0.4944160416609974,0.03556631836220331,-1.0
1225,0.4550681537558991,0.13151444436530324,17.0
1226,0.48628768210849616,0.5094220436613841,1.0
1227,0.13424683001575122,0.24720979809037733,-1.0
1228,0.44486512284637736,0.6332044136040168,1.0
1229,0.7259326320945156,0.5103830439739032,7.0
1230,0.43419689275575224,0.47917784558561494,1.0
1231,0.26382616676430304,0.3482425064169905,0.0
1232,0.15706264454597557,0.1660517167149667,-1.0
1233,0.25497334736700494,0.17852313204786657,-1.0
1234,0.21457484758533962,0.35507512511817807,0.0
1235,0.24881666021825982,0.6315058163690495,2.0
1236,0.13656929760671332,0.5382649293704939,-1.0
1237,0.156989737825597,0.6218093693219622,-1.0
1238,0.2136475747521948,0.6407904598824531,2.0
1239,0.3265517820591608,0.7098619731140696,1.0
1240,0.5559064904020178,0.7026952212608495,13.0
1241,0.4005488203933277,0.6806393973642727,1.0
1242,0.26793381453548226,0.6022875803096022,2.0
1243,0.31241203476424073,0.24977432677858538,0.0
1244,0.4857106228061028,0.7396735552790727,12.0
1245,0.24009216661737706,0.6340004392694544,2.0
1246,0.16771421331755865,0.5708217012356614,2.0
1247,0.6107669606564092,0.7222755462865977,-1.0
1248,0.28491849893976784,0.6660467031634203,2.0
1249,0.19011921847923507,0.29094207866973565,-1.0
1250,0.31142197845455005,0.5795558079543774,2.0
1251,0.4905071512795439,0.5637869797702201,1.0
1252,0.364260150255872,0.6576176971934236,1.0
1253,0.40414641529003664,0.4273270574246596,1.0
1254,0.7599267904547198,0.5063604798519593,-1.0
1255,0.7663873783893986,0.7464918954680071,-1.0
1256,0.2350484991649178,0.6801690736402947,-1.0
1257,0.5201060311397884,0.7949916301814772,13.0
1258,0.45238663121554124,0.3226966930306471,3.0
1259,0.33712589157998274,0.3222831563146934,1.0
1260,0.4397984858431362,0.24768640933114525,5.0
1261,0.2866107818399243,0.4521781327949015,1.0
1262,0.37533690477331316,0.6423108446244128,1.0
1263,0.7601655667818771,0.8757536626448106,-1.0
1264,0.42957548685981956,0.5274071406962798,1.0
1265,0.4052665830726473,0.5936672994799089,1.0
1266,0.44610250148673736,0.2576728444912789,5.0
1267,0.18971614478868554,0.5814254505033873,2.0
1268,0.08027616991466324,0.2742026620878949,-1.0
1269,0.18459347072373433,0.5482107224003039,2.0
1270,0.32864952820412435,0.41937720353743857,1.0
1271,0.27309798394595075,0.31455609938401863,0.0
1272,0.4944480623419156,0.553029845127027,1.0
1273,0.5056367521896604,0.3887037410543852,1.0
1274,0.2753579629253957,0.6310951476501837,2.0
1275,0.2848925673578751,0.38719393355735665,-1.0
1276,0.5706903660292222,0.44835918691814886,4.0
1277,0.316327464302822,0.18946681358310924,-1.0
1278,0.19650513680253756,0.20189691462803194,-1.0
1279,0.541922237605816,0.4106437869559463,4.0
1280,0.6907229068037748,0.3499575648513807,6.0
1281,0.7326348275810673,0.2921715366022113,6.0
1282,0.712923865666964,0.3167121674514013,6.0
1283,0.4778914211306275,0.41284052819858735,1.0
1284,0.18850777184598494,0.1856850388343485,-1.0
1285,0.27410482026975835,0.32794446097240254,0.0
1286,0.3893694812748388,0.11101265376425912,-1.0
1287,0.10922003713532219,0.3140253785486298,-1.0
1288,0.5614941710417639,0.4209719080764122,4.0
1289,0.3321734130724645,0.2318961956678695,0.0
1290,0.3874343227162528,0.38227635204922356,1.0
1291,0.47070383068135063,0.315727334784514,3.0
1292,0.3681420331071782,0.3692851519939551,1.0
1293,0.31356205248521174,0.13562784558232394,-1.0
1294,0.41089396709236276,0.39096984724389905,1.0
1295,0.566146982479743,0.48958202700596715,9.0
1296,0.4483115089679709,0.38051418093268385,1.0
1297,0.8294892134152252,0.4222621888054587,-1.0
1298,0.6117012759145929,0.34537608555993526,4.0
1299,0.19675064891756178,0.33978895932406006,-1.0
1300,0.24723768662016085,0.2635255506804304,20.0
1301,0.1733914224805042,0.15558363588264745,-1.0
1302,0.43738261946591805,0.5356512109574694,1.0
1303,0.5160090373767097,0.3193126549788393,3.0
1304,0.5330448563254584,0.43096566684879106,4.0
1305,0.06485147660022311,0.17942629333775167,-1.0
1306,0.7018148496123245,0.2617325233457011,6.0
1307,0.2730295601661766,0.4421797432270024,1.0
1308,0.6255226222067662,0.45677586231866973,-1.0
1309,0.22661264669678172,0.32033749369127373,0.0
1310,0.24678852736784104,0.3499762370429468,0.0
1311,0.26226761399402404,0.2294815290882692,0.0
1312,0.4491731252066306,0.3482969927535647,3.0
1313,0.25146848676551103,0.2969953090397268,-1.0
1314,0.3938250654879924,0.46111960105100597,1.0
1315,0.17152030986368938,0.22144705097970901,-1.0
1316,0.385650104039593,0.6913846882127763,1.0
1317,0.48805554888858244,0.8708337592302315,-1.0
1318,0.24557001187660582,0.3454798681370876,0.0
1319,0.1570826348084191,0.3143712092475075,-1.0
1320,0.4423808622162615,0.576550590496782,1.0
1321,0.21243259292255878,0.4649417923908911,-1.0
1322,0.8375131179813262,0.25666012595277493,-1.0
1323,0.1915145233297637,0.5994993474000154,2.0
1324,0.33903952933642034,0.6183443788419403,2.0
1325,0.6177007920935701,0.09684160046193052,-1.0
1326,0.7857550939872786,0.3044126626932968,6.0
1327,0.5359874495942594,0.6256388638272005,1.0
1328,0.19105186365626042,0.25343569982636194,-1.0
1329,0.36741059513495083,0.5364704791172465,18.0
1330,0.22370948654430226,0.3386943421751162,0.0
1331,0.10183870334534512,0.23937447789613844,-1.0
1332,0.38236030496899565,0.3887232301242623,1.0
1333,0.387968996059284,0.37295935186870527,1.0
1334,0.3672802825153407,0.48019506411547636,1.0
1335,0.22462184504038757,0.380276547640931,0.0
1336,0.40148041198363094,0.46981500271745585,1.0
1337,0.28058335213399693,0.32611583473591094,0.0
1338,0.4626834285317685,0.47927525646619284,1.0
1339,0.31993803810118826,0.39589155349785615,1.0
1340,0.45133257848572256,0.4376893832400043,1.0
1341,0.294499148679768,0.44117404941822225,1.0
1342,0.22603045066420863,0.27683765917742986,20.0
1343,0.32154868830280464,0.2705799221525595,-1.0
1344,0.36288540609374303,0.3804780065556169,1.0
1345,0.4993131435095708,0.5621002891421636,1.0
1346,0.43959646331847346,0.5108157542710801,1.0
1347,0.45863809156009494,0.510521360544111,1.0
1348,0.605092574777677,0.8741084154134982,-1.0
1349,0.5938387120256723,0.699863024789666,-1.0
1350,0.29325833046767225,0.35908098080934986,0.0
1351,0.3908416333626513,0.7052224963989331,1.0
1352,0.428728958937824,0.7190980362135482,14.0
1353,0.2134097098674665,0.541058532660487,2.0
1354,0.4127539628583919,0.4719688672950622,1.0
1355,0.5122615091655949,0.5645107011972008,1.0
1356,0.22558062695130493,0.5508544815827212,2.0
1357,0.7183549550193046,0.6878708138897616,-1.0
1358,0.2686420994748965,0.5986118151864074,2.0
1359,0.5172281421890773,0.6554441223963571,1.0
1360,0.5909655089658472,0.4804554005034544,9.0
1361,0.7555869506554926,0.8511572639077405,-1.0
1362,0.6626492058665506,0.5589250149741176,-1.0
1363,0.6129034978443433,0.3237961209284519,-1.0
1364,0.3569518412432844,0.6142745368976861,2.0
1365,0.6813670393723233,0.5499663187930918,15.0
1366,0.6513857487073578,0.7648926916653347,-1.0
1367,0.710837352746681,0.6725484772269514,-1.0
1368,0.39485248195744876,0.5734952646975898,1.0
1369,0.6599274630878234,0.5037165484886426,-1.0
1370,0.2717236358109903,0.5261851658005785,2.0
1371,0.3524322954127126,0.5702680569457991,-1.0
1372,0.4809305567898981,0.7868670396054414,13.0
1373,0.21942660076106435,0.20013775254635524,-1.0
1374,0.662006803828869,0.4713839036189639,25.0
1375,0.6104361248044897,0.6351314778876447,19.0
1376,0.6120344757887636,0.700208654444936,-1.0
1377,0.5379940385637452,0.7688529021323873,-1.0
1378,0.25284822922708305,0.5440912870083896,2.0
1379,0.3029056595140751,0.5369467229214421,2.0
1380,0.4830587188441552,0.3345619420957626,3.0
1381,0.5842221306325694,0.37644397951532377,4.0
1382,0.25280955921494325,0.3640682871661113,0.0
1383,0.19247943711504445,0.5660386960140078,2.0
1384,0.3623188869991452,0.29880146159765925,1.0
1385,0.2558368622913516,0.36543421886338023,0.0
1386,0.358430894580658,0.483283474036701,1.0
1387,0.3765922179612522,0.17615537425712297,-1.0
1388,0.23865997340460304,0.3256551307792489,0.0
1389,0.38710251030665643,0.7786393632476101,-1.0
1390,0.6638055857762029,0.4546582424080923,25.0
1391,0.6040295778872045,0.29950241335201055,-1.0
1392,0.425714483728807,0.613431404382035,1.0
1393,0.24963742151129203,0.6075641719615064,2.0
1394,0.39211976967011003,0.5220656926307209,18.0
1395,0.7858251978426655,0.6800801653791416,-1.0
1396,0.22662850310269514,0.5684349275156093,2.0
1397,0.5168636339907474,0.4612630524972752,9.0
1398,0.5049029649112757,0.337105969917907,3.0
1399,0.17106508948890192,0.7227092659146355,-1.0
1400,0.5017032066668634,0.7976321181797872,13.0
1401,0.2529479236236367,0.34625223051499693,0.0
1402,0.20869729073254634,0.5974519844327024,2.0
1403,0.5572381278300643,0.6049397848783789,11.0
1404,0.7397124818188925,0.42302944644757934,21.0
1405,0.24670020768186002,0.478452024379291,2.0
1406,0.6620247242102758,0.7002639504394175,-1.0
1407,0.5829466331345476,0.7016210573769983,-1.0
1408,0.49045396330408614,0.23531127515225858,5.0
1409,0.5491779539344126,0.7539380527690545,-1.0
1410,0.44688433917515924,0.47484570199784193,1.0
1411,0.4932510768369499,0.6541575315196617,1.0
1412,0.6534161132297613,0.373924905619053,4.0
1413,0.4816117681682446,0.301129300851451,3.0
1414,0.7476569481712274,0.6812895036996536,-1.0
1415,0.515752802117347,0.3514919716467181,3.0
1416,0.6204026967082698,0.7695347663471408,-1.0
1417,0.7493695314970776,0.78152456414771,-1.0
1418,0.746372778231277,0.36794600306444825,6.0
1419,0.1327193365862635,0.34585010039684644,-1.0
1420,0.7424597154675172,0.40805774356500535,21.0
1421,0.5614228863140034,0.48472846113067675,9.0
1422,0.27535128221951216,0.6585652828048286,2.0
1423,0.24907589450888765,0.7599291342652652,-1.0
1424,0.3661285928630281,0.7518035424066272,-1.0
1425,0.37749413518775143,0.3160099566344056,1.0
1426,0.5608690249457657,0.4231628793120092,4.0
1427,0.437436843026879,0.4648533773059703,1.0
1428,0.3792384151348967,0.4799392227376486,1.0
1429,0.6244837354286055,0.4878813401162762,16.0
1430,0.5411374328739171,0.3470382793902192,3.0
1431,0.4512396969820813,0.7535773521718522,-1.0
1432,0.25180814216989644,0.6717462686575146,-1.0
1433,0.1189829437021836,0.45011693010253434,-1.0
1434,0.22932632240113054,0.3472658393247623,0.0
1435,0.46854591879012936,0.43530011017384895,1.0
1436,0.44675721556465037,0.5721759309084569,1.0
1437,0.15322324706259804,0.29636539785822363,-1.0
1438,0.17217960522075892,0.6013622801321721,2.0
1439,0.2941799569854449,0.6182727942396491,2.0
1440,0.22140220122930226,0.6036047199771657,2.0
1441,0.4804074195432572,0.5294220319760222,1.0
1442,0.3123427217931677,0.28245788297028457,0.0
1443,0.40386846846498453,0.45128784230535224,1.0
1444,0.4705982358579297,0.721510485671756,12.0
1445,0.35047830691308335,0.28641514392020384,-1.0
1446,0.3861126418266837,0.35213657895379247,1.0
1447,0.78911665742246,0.3313938135736098,6.0
1448,0.4623696550874685,0.676466256221505,1.0
1449,0.4741203815543722,0.7949083547336844,-1.0
1450,0.23567935736266687,0.4196405683997289,-1.0
1451,0.28420220716280664,0.2004929890382675,-1.0
1452,0.26629895132428333,0.6403038278184557,2.0
1453,0.4842794426363765,0.5936237286420742,1.0
1454,0.3103902918952197,0.5537437042652656,-1.0
1455,0.33395363451082605,0.49048735391336157,1.0
1456,0.3142082000277168,0.70489188602826,-1.0
1457,0.18835518765072462,0.2859946983246912,-1.0
1458,0.31276318044773954,0.2357462948337084,0.0
1459,0.5643564267792355,0.41612420899880564,4.0
